model,precision,recall,f1-score,weighted-precision,weighted-recall,weighted-f1-score
sgd,0.6215306100738751,0.526980495075611,0.554694296204455,0.703677330714488,0.719,0.7009001867054633
GigaChat-Zeroshot,0.5744585594483911,0.37968700467701966,0.41853238628423856,0.7027584205244223,0.492,0.5442652305380488
GigaChat-Pro-Zeroshot,0.5738703253113371,0.5371621257444686,0.5058038498709768,0.7546706181509415,0.556,0.6146105373033701
GigaChat-Zeroshot-Title,0.40910222403591107,0.4417534220165799,0.3833841994566285,0.5743060654288241,0.444,0.4606898387083263
RuBERTMLPText-FT,0.6645884347229742,0.6128249875521214,0.6182035702677647,0.769076694465635,0.785,0.7671026870179722
