Method,Embedding Similarity,GPT Similarity
YAKE,0.7023630142211914,71.0488798370672
RAKE,0.7924898266792297,69.90248962655602
TextRank,0.6449476480484009,72.95519348268839
